Domain,Facebook,Tiktok,Instagram ,linkedin,Linkedin
https://www.healthybaby.com,https://www.facebook.com/Healthynest-102763004606205/?modal=admin_todo_tour,-,https://www.instagram.com/healthybaby.co,https://www.linkedin.com/company/healthybaby/,
https://www.aurabora.com,-,https://www.tiktok.com/@drinkaurabora,https://www.instagram.com/drinkaurabora/?hl=en,-,
https://www.belliwelli.com,-,-,https://instagram.com/belliwellisnacks,-,
https://www.happycow.net,https://www.facebook.com/HappyCow,-,https://instagram.com/happycow,-,
https://www.onegreenplanet.org,https://www.facebook.com/onegreenplanet/,https://www.tiktok.com/@onegreenplanet?lang=en,https://www.instagram.com/accounts/login/?next=%2Fonegreenplanet%2F&source=follow,-,
https://www.nexthealth.de,-,-,-,-,
https://www.tastesalud.com,https://www.facebook.com/TasteSalud/,https://www.tiktok.com/@tastesalud,https://www.instagram.com/tastesalud/,-,
https://www.gvmled.com,https://www.facebook.com/GVMLED/,-,https://www.instagram.com/gvmled/,-,
https://www.popl.co,https://www.facebook.com/popl,https://www.tiktok.com/@popl,https://www.instagram.com/popl,-,
https://www.speechify.com,https://www.facebook.com/getspeechify/,https://www.tiktok.com/@speechifyapp/,https://www.instagram.com/speechifyapp/?hl=en,https://www.linkedin.com/company/getspeechify/,
https://www.latercase.com,-,-,https://instagram.com/latercase,-,
https://www.hypershop.com,https://www.facebook.com/HyperMac/,-,https://www.instagram.com/hypershop/,https://www.linkedin.com/company/sanho/,
https://www.soulnation.com,https://www.facebook.com/messages/t/SOULElectronics,-,-,-,
https://www.ember.com,https://www.facebook.com/ember/,-,https://www.instagram.com/ember/,-,
https://www.invideo.io,https://www.facebook.com/invideo.io/,-,https://www.instagram.com/invideo.io/,https://www.linkedin.com/company/invideoio,
https://www.fairlife.com,https://www.facebook.com/fairlifeLLC,-,https://www.instagram.com/fairlife/,-,
https://www.knowseafood.com,https://www.facebook.com/KnowSeafood/,-,https://www.instagram.com/knowseafood/?hl=en,-,
https://www.ellevest.com,-,-,https://www.instagram.com/ellevest,https://www.linkedin.com/company/ellevest,
https://www.kiinde.com,https://www.facebook.com/kiindellc,https://www.tiktok.com/@kiindellc,https://www.instagram.com/kiinde,-,
https://www.skillshare.com,https://facebook.com/skillshare,https://tiktok.com/@skillshare,https://instagram.com/skillshare,https://www.linkedin.com/company/skillshare-com,
https://www.klaviyo.com,https://www.facebook.com/Klaviyo/,-,https://www.instagram.com/klaviyo/,https://www.linkedin.com/company/klaviyo/,
https://www.evernote.com,https://www.facebook.com/evernote/,-,https://www.instagram.com/evernote,-,
https://www.getpocket.com,https://facebook.com/pocket,-,https://instagram.com/pocket,-,
https://www.superhuman.com,-,https://tiktok.com/@superhumanco,-,https://linkedin.com/company/superhuman-co/,
https://www.sproutsocial.com,https://sproutsocial.com/integrations/facebook/,https://sproutsocial.com/integrations/tiktok/,https://sproutsocial.com/integrations/instagram/,https://sproutsocial.com/integrations/linkedin/,
https://www.playermaker.com,https://www.facebook.com/Playermaker-101432772170839,-,https://www.instagram.com/playermaker/,https://www.linkedin.com/company/playermaker/,
https://www.imagen-ai.com,https://www.facebook.com/imagen.ai.software,-,https://www.instagram.com/imagen.ai/,-,
https://www.luma-touch.com,https://www.facebook.com/LumaTouch,-,https://www.instagram.com/lumatouch/,-,
https://www.freewellgear.com,https://www.facebook.com/freewellpro,-,https://www.instagram.com/freewellpro/,-,
https://www.freewellgear.com,https://www.facebook.com/freewellpro,-,https://www.instagram.com/freewellpro/,-,
https://www.udacity.com,https://www.facebook.com/Udacity,-,https://www.instagram.com/udacity/,https://www.linkedin.com/school/udacity/,
https://www.padlet.com,https://www.facebook.com/padlet/,-,https://www.instagram.com/padlet,https://www.linkedin.com/company/padlet,
https://www.freshbooks.com,https://www.facebook.com/FreshBooks,-,https://www.instagram.com/freshbooks/,-,
https://www.sage.com,https://www.facebook.com/SageSoftwareAsia/,-,https://www.instagram.com/sage.asia/,https://www.linkedin.com/company/sage-software/,
https://www.nearpod.com,https://www.facebook.com/nearpod,-,https://www.instagram.com/nearpod/,-,
https://www.quizlet.com,https://www.facebook.com/quizlet,https://www.tiktok.com/@quizlet,https://www.instagram.com/quizlet/,-,
https://www.gong.io,https://www.facebook.com/To.GongIO/,-,https://www.instagram.com/gong.io/,https://www.linkedin.com/company/gong-io,
https://www.vidyard.com,https://www.facebook.com/teamvidyard,-,https://www.instagram.com/teamvidyard,https://www.linkedin.com/company/2086508,
https://www.padlet.com,https://www.facebook.com/padlet/,-,https://www.instagram.com/padlet,https://www.linkedin.com/company/padlet,
https://www.freshbooks.com,https://www.facebook.com/FreshBooks,-,https://www.instagram.com/freshbooks/,-,
https://www.sage.com,https://www.facebook.com/SageSoftwareAsia/,-,https://www.instagram.com/sage.asia/,https://www.linkedin.com/company/sage-software/,
https://www.nearpod.com,https://www.facebook.com/nearpod,-,https://www.instagram.com/nearpod/,-,
https://www.quizlet.com,-,-,-,-,
https://www.gong.io,https://www.facebook.com/To.GongIO/,-,https://www.instagram.com/gong.io/,https://www.linkedin.com/company/gong-io,
https://www.vidyard.com,https://www.facebook.com/teamvidyard,-,https://www.instagram.com/teamvidyard,https://www.linkedin.com/company/2086508,
https://www.syte.ai,https://www.facebook.com/SyteVisualAI/,https://www.tiktok.com/@syte.ai,https://www.instagram.com/syte_ai/,https://www.linkedin.com/company/syte-ai/,
https://www.dice.fm,-,https://www.tiktok.com/@dice.fm,https://instagram.com/dicefm,https://www.linkedin.com/company/dice-fm/,
https://www.nothing.tech,-,https://www.tiktok.com/@nothing,https://www.instagram.com/nothing/?hl=en,-,
https://www.starlingbank.com,https://www.facebook.com/StarlingBankUK,https://www.tiktok.com/@starlingbank,https://www.instagram.com/starlingbank/,https://www.linkedin.com/company/starlingbank,
https://www.prezi.com,https://prezi.com/redirect/?click_source=logged_element&page_location=footer_mobile&element_text=facebook&url=https://www.facebook.com/prezicom/,https://www.tiktok.com/@prezicom/?click_source=logged_element&page_location=footer,https://www.instagram.com/prezicom/?click_source=logged_element&page_location=footer,https://prezi.com/redirect/?click_source=logged_element&page_location=footer_mobile&element_text=linkedin&url=https://www.linkedin.com/company/216295,
https://www.focusmate.com,https://www.facebook.com/groups/focusmate,https://www.tiktok.com/@focusmate,https://www.instagram.com/focusmate/,https://www.linkedin.com/company/focusmate,
https://www.meetup.com,https://www.facebook.com/meetup/,https://www.tiktok.com/@meetup,https://www.instagram.com/meetup/,-,
https://www.tagged.com,-,-,-,-,
https://www.elitesingles.com,-,-,-,-,
https://www.pocketsmith.com,https://www.facebook.com/PocketSmith,-,https://www.instagram.com/pocketsmith/,https://www.linkedin.com/company/pocketsmith,
https://www.titan.com,-,-,https://www.instagram.com/titanvest/,https://www.linkedin.com/company/titan-invest/,
https://www.qapital.com,https://www.facebook.com/Qapital,-,https://www.instagram.com/qapital/,https://www.linkedin.com/company/qapital/,
https://www.monese.com,https://www.facebook.com/MyMonese/,-,https://www.instagram.com/monese/,https://www.linkedin.com/company/monese,
https://www.earnin.com,https://www.facebook.com/EarninOfficial/,-,https://www.instagram.com/earnin_official/,-,
https://www.stash.com,https://www.facebook.com/stashinvestapp/,-,https://www.instagram.com/stash.financial/,https://www.linkedin.com/company/stashfinancial,
https://www.okcupid.com,-,-,-,-,
https://www.paired.com,-,https://www.tiktok.com/@pairedapp,https://www.instagram.com/pairedApp/,-,
https://www.tofurky.com,https://www.facebook.com/TofurkyFan,-,https://www.instagram.com/the_tofurky_company/,-,
https://www.noevilfoods.com,https://facebook.com/noevilfoods,https://tiktok.com/@noevilfoods,https://instagram.com/noevilfoods,-,
https://www.friidesigns.com,https://www.facebook.com/friidesigns,-,https://www.instagram.com/friidesigns/,-,
https://www.dxo.com,https://www.facebook.com/DxO/,-,https://www.instagram.com/dxolabs/,-,
https://www.filmicpro.com,https://www.facebook.com/FilmicPro,-,https://www.instagram.com/filmicapps/,https://www.linkedin.com/company/filmic-inc-/,
https://www.lumen5.com,https://lumen5.com/facebook-video-maker/,-,https://lumen5.com/instagram-video-maker/,https://ca.linkedin.com/company/lumen5,
https://www.invisionapp.com,-,-,-,-,
https://www.intercom.com,-,-,-,-,
https://www.loom.com,-,https://www.tiktok.com/@useloom,https://www.instagram.com/use_loom/,https://www.linkedin.com/company/useloom,
https://www.fitafy.com,https://www.facebook.com/fitafy,https://www.tiktok.com/@fitafyapp?lang=en,https://www.instagram.com/fitafy/,-,
https://www.templify.video,https://www.facebook.com/TemplifyApp,https://www.tiktok.com/@templify.app,https://instagram.com/templify.app,-,
https://www.invoke.ai,-,-,https://www.instagram.com/invoke.ai/,https://www.linkedin.com/company/invoke-ai,
https://www.goflyy.com,-,-,-,-,
https://www.vanguardworld.com,https://www.facebook.com/vanguardoutdoors/,https://www.tiktok.com/legal/privacy-policy?lang=en,https://www.instagram.com/vanguardoutdoors/,-,
https://www.greetabl.com,https://www.facebook.com/greetabl,-,https://instagram.com/greetabl/,-,
https://www.mealime.com,https://www.facebook.com/Mealime/,-,https://www.instagram.com/mealime/,-,
https://www.spoonfulofcomfort.com,https://www.facebook.com/spoonfulofcomfort,-,https://www.instagram.com/spoonfulofcomfort/,-,
https://www.eatglonuts.com,-,-,https://www.instagram.com/eatglonuts,-,
https://www.brunekitchen.com,-,-,http://instagram.com/brunekitchen,-,
https://www.momofuku.com,-,-,-,-,
https://www.japancandystore.com,-,https://tiktok.com/@japancandystore,https://www.instagram.com/japancandystore/,-,
https://www.flybyjing.com,-,https://www.tiktok.com/@flybyjing,https://instagram.com/flybyjing,-,
https://www.kbbqkit.com,http://www.facebook.com/10206532744491283,-,http://instagram.com/kbbqkit,-,
https://www.tastybite.co.in,https://www.facebook.com/AllNaturalTastyBite/,-,https://www.instagram.com/tastybite/,https://www.linkedin.com/company/tasty-bite-eatables-ltd/,
https://www.lovelycandystore.com,https://www.facebook.com/LovelyCandyCompany/,-,https://www.instagram.com/lovelycandyco/,-,
https://www.neatorobotics.com,-,-,-,-,
https://www.oxo.com,https://www.facebook.com/OXO,https://tiktok.com/@oxo_us,https://instagram.com/oxo,-,
https://www.rubbermaid.com,https://www.facebook.com/RubbermaidFoodStorage,-,https://www.instagram.com/rubbermaid,-,
https://www.eatmmmly.com,https://www.facebook.com/eatmmmly,-,https://www.instagram.com/eatmmmly/,-,
https://www.burgesspetcare.com,-,-,https://www.instagram.com/burgessexcel/,-,
https://www.rosebud.ai,-,-,https://www.instagram.com/rosebud_ai/,-,
https://www.blink.la,-,-,https://www.instagram.com/blinkdotla/,https://www.linkedin.com/company/blink-la,
https://www.livingwithcandella.com,-,https://www.tiktok.com/@livingwithCandella,https://instagram.com/livingwithCandella,-,
https://www.iask.ai,-,-,-,-,
